WORDSPACING,WordSpacing
HISTGEMSMAPNUM,Hist GEMS Map #
VERSIONNAME,VersionName
GENERATOR,Generator
STABILIZINGBANKIDC,Stabilizing Bank Indicator
WIDTH,Width
HIGHSIDEVOLTAGE,Hi Side Voltage
OPENPOINT,Open Point
DEVICETYPE,Device Type
STREETLIGHTSEQNO,Street Light Sequence Number
OPENQUIPCODE,Open Equipment Code
DIFFRS,DIFF RS
FIXTUREMANUFACTURER,Fixture Manufacturer
DIRECTION,Direction
METERRATING,Meter Rating
DISCONNECTIDC,Disconnect Indicator
TRANSMISSIONMILENUMBER,Transmission Mile Number
LAMPTYPE,Lamp Type
ORIGINALCIRCUMFERENCE,Original Circumference
SERVICEAGREEMENTID,Service Agreement ID
WINDSPEEDRERATEYEAR,Wind Speed Rerate Year
RATING,Rating
ACCOUNTNUMBER,Account Number
PCELLCHANGEDATE,Photo Cell Change Date
CONDUCTORUSE,Conductor Use
ANCHORTYPE,Anchor Type
STRUCTURETYPE,Structure Type
SYMBOLROTATION,Symbol Rotation 
TEMPEQUIPID,Temporary Equipment ID
PTTDIDC,PTTDIDC
SERIESIMPEDIENCE,Series Impedience
CCRATING,CC Rating
RATEDAMPS,Rated Amps
JPASEQUENCE,JPA Sequence
LOCALOPOFFICE,Local Operating Office
SWITCHPOSITION,Switch Position
CUSTAGREEMENTGUID,Customer Agreement GUID
HORIZONTALALIGNMENT,HorizontalAlignment
DAILYLOADFACTOR,Daily Load Factor
SUBWAYIDC,Subway Transformer Indicator
HIGHSIDECONFIGURATION,High Side Configuration
CCBOVERWRITEFLAG,CCB Overwrite Flag
PARTNUMBER,Part Number
INVENTORYDATE,Inventory Date
SUPERVISORYCONTROLIDC,SCADA Indicator
TEXTSTRING,TextString
FMETRICOM,FMETRICOM
CUSTOMERAGREEMENTGUID,Customer Agreement GUID
TIESWITCHIDC,Tie Switch Indicator
ANCHORSIZE,Anchor Size
PAINTPOLE,Paint Pole
UNITKVAR,Unit KVAR
INVENTORYNO,Inventory Number
DATECREATED,Date Created
OPERATINGSTATUS,Operating Status
OWNERNAME,Owner Name
DUCTSFILLED,# of Occupied Ducts
JPAGREEMENTDATE,JP Agreement Date
FONTNAME,FontName
BACKFILLMATERIAL,Backfill Material
ZORDER,ZOrder
BALLASTCHANGEDATE,Ballast Change Date
LIGHTSTYLE,Light Style
STRUCTURENUMBER,Structure Number
OWNERBADGENUMBER,Owner Badge Number
AGREEMENTTYPE,Agreement Type
CEDSALINESECTIONID,CEDSA Line Section ID
SERIALNUMBER,Serial Number
NORMALPOSITIONC,Normal Position C
NORMALPOSITIONB,Normal Position B
NORMALPOSITIONA,Normal Position A
SWITCHFILLTYPE,Switch Fill Type
ITEMTYPECODE,Item Type Code
GPSLATITUDE,Latitude
OWNERUSERID,OwnerUserID
JOINTTRENCH,Joint Trench
LENGTHSOURCE,Length Source
REVERSEPOWERFLOW,Reverse Power Flow
CAPACITY,Capacity
MANUFACTUREDYEAR,Manufactured Year
WATTAGE,Wattage
EXTERNALOPERATINGCODE,External Operating Code
STREETLIGHTNUMBER,Street Light Number
PGE_CONDUCTORCODE,CEDSA Conductor Code
TIMECONTROLIDC,Time Control Indicator
MCRATING,MC Rating
CONNECTIONCONFIGURATION,Connection Configuration
NORMALPOSITION_A,Normal Position A
STITCHPOINTID,Stitch Point ID
NORMALPOSITION_C,Normal Position C
ELEMENT,Element
GENERATORNAME,Generator Name
BALLASTTYPE,Ballast Type
METERIDC,Meter Indicator
CONDUCTORSIZE,Conductor Size
DISTRICT,District
FOREIGNATTACHIDC,Foreign Attachment Indicator
MINUTETOTAL,Minute Total
MAILZIP,Mail ZIP 
YEARMANUFACTURED,Year Manufactured
BYPASSPLANS,Bypass Plans
INTERRUPTERIDC,Interrupter Indicator
CONNECTIONCODE,Connection Code
OUTAGEID,Outage ID
MATERIAL,Material
BYPASSPOSITION,Bypass Position
OUTPUTVOLTAGE,Output Voltage
SPLICETYPE,Splice Type
ALTNM,ALTNM
SUBBANKGUID,Sub Bank GUID
SHAPE.AREA,SHAPE.AREA
SPECIES,Species
BATTERYDATE,Battery Date
DIFFIX,DIFF IX
DIFFIT,DIFF IT
LOCKOUTOPS,Lockout Ops
FONTSIZE,FontSize
SUSPENSION,Suspension
INSULATION,Insulation
MAINTNOTE,Maintenance Note
FUSEIDC,Fuse Indicator
HALFHRADJTYPE,Half HR Adj Type
USERID,User ID
UNITPHASE,UnitPhase
FAR5,FAR5
FAR4,FAR4
FAR1,FAR1
FAR3,FAR3
FAR2,FAR2
JPADATE,JP Agreement Date
CONDUCTORCOUNT,Conductor Count
BUCKPERCENT,Buck Percent
LOCDESC,Address
OKTOBYPASS,OK to Bypass
EXPIREDATE,ExpiredDate
GEMSCIRCUITMAPNUM,GEMS Circuit Map #
POLEPAINTDATE,Pole Paint Date
FEEDERNAME,Feeder Name
ONLINESTATUS,Online Status
MAXINTERRUPTINGCURRENT,Maximum Interrupting Current
STRUCTUREGUID,Structure GUID
PTRATIO,Potential Transformer Ratio
REMOTEREADIDC,Remote Read Indicator
XOFFSET,XOffset
MAILSTATE,Mail State
SHIELDINGIDC,Shielding Indicator
ZIP,ZIP Code
CEDSANUMBEROFPHASES,CEDSA Number Of Phases
COASTALIDC,Coastal Indicator
AGREEMENTNUM,Agreement Number
MANUFACTURER,Manufacturer
SYMBOLNUMBER,Symbol Number
AUTOMANUAL,Auto Manual
CUSTOMEROWNED,Customer Owned
CONVCIRCUITID2,Conversion Circuit ID2
ITALIC,Italic
INSTALLATIONTYPE,Installation Type
SERVICETYPE,Service Type
MANUALLYOPERATED,Manually Operated
DISTRIBUTIONPLANNINGAREA,Distribution Planning Area
ELECTRICTRACEWEIGHT,Electric Trace Weight
ACTUATINGCURRENT,Actuating Current
DUCTSVACANT,# of Vacant Ducts
FAILEDEQUIPID,Failed Equipment ID
OTHERMAP,Other Map
RATESCHEDULE,Rate Schedule
JOINTCOUNT,Joint Count
ORIGINALTREATMENTTYPE,Original Treatment Type
REGULATEDOUTPUTIDC,Regulated Output Indicator
PREMISEID,Premise ID
SWITCHEDWITHVARSENSORIDC,Switched w/VAR Sensor
SYMBOLID,SymbolID
LOADBREAK,Load Break
FIXTURECODE,Fixture Code
JP_DISTRICT,Joint Pole District
CONSTRUCTIONTYPE,Construction Type
MOUNTINGTYPE,Mounting Type
LEAD,Lead
DMSFEEDERID,DMS Circuit ID
AMPRATING,Amp Rating
SEASONOFF,Season Off
RELAYCONTROLOBJECTID,Relay Control ObjectID
CARRIER,Carrier
RECLOSEBLOCKIDC,Reclose Block IDC
AUTOBOOSTER,Auto Booster
STREETLIGHTSGISID,Streetlight GIS ID
ANIMALGUARDTYPE,Animal Guards
CUSTOMERTYPE,Customer Type
LINKRATING,Link Rating
URBANRURALCODE,Urban Rural Indicator
CGC12,CGC Number
CURRENTCIRCUMFERENCE,Current Circumference
GROUNDEDIDC,Grounded Indicator
TRANSMISSIONSTRUCTNUMBER,Transmission Structure Number
SUBBANKCONVID,Sub Bank ConvID
CONFIGURATION,Configuration
MEASUREDLENGTH,Measured Length
INTERRUPTINGMEDIUM,Interrupting Medium
LABELTEXT,Label Text
TOTALCUSTOMERMINUTES,Total Customer Minutes
SINGLELINEDRAWINGNUM,Single Line Drawing Number
NEUTRALSIZE,Neutral Size
METERID,Meter ID
LOCDESC3,Location Description 3
POWERFACTOR,Power Factor
RATEDKVA,Rated KVA
FAROTHER,FAR Other
OUTPUTREPORTNUM,Output Report Number
DISTMAP,Distribution Map
EXTERNALOPERATORCODE,External Operator Code
KW,kW
SECTIONALIZINGFEATURE,Sectionalizing Feature
ZHLPCTIMP,ZHL % Imp
HISTGEMSMAPRATE,Hist GEMS Map Rate
FUSED,Fused
CONTROLBASEVOLTAGESETTING,Control Base Voltage Setting
BYPASSSWITCH,Bypass Switch
GANGOPERATED,Gang Operated
ZTPCTIMP,ZT % Imp
SERVICEADDRESS2,Service Address 2
SERVICEADDRESS1,Service Address
RECTIFIERTYPE,Rectifier Type
CONVIENENCEOUTLETS,Convienence Outlets
CALTRANSPERMITIDC,CalTrans Permit
MULTIFUNCTIONALIDC,Multi-Functional Device Indicator
OBJECTID,Object ID
EMERGENCYONLY,Emergency Only
FEATUREID,FeatureID
VOLTAGE,Voltage
STREETLIGHTROLE,Streetlight Role
OPERATINGAS,Operating As
CLASS,Pole Class
NEARESTST,Nearest Street
DIVISION,Division
CIRCUITID2,Circuit ID 2
INSTALLJOBPREFIX,Job Prefix
HEIGHT,Pole Height
LOCATIONDESC,Location Description
PHASEDESIGNATION,Phase Designation
CITY,City
GLOBALID_1,GLOBALID_1
COMPLEXDEVICEIDC,Complex Device
SPITEMHISTORY,SP Item History
AUTOIDC,Auto Transformer Indicator
FAULTDUTY,Fault Duty
JPSEQUENCE,Joint Pole Sequence
LASTMODIFYDATE,Last Modified Date
INSTALLJOBYEAR,Year Installed
LOCDESC2,Location Description 2
FAULTINDICATORYEARINST,Fault Indicator Year Installed
OFFICECODE,Office Code
SUBTYPECD,Subtype
STATIONNUMBER,Station Number
STREET,Street
NAMEOFCOGENERATOR,Generator Name
RECEIVEDATE,Receive Date
WINDSPEEDCODE,Wind Speed Code
UGASTATUSVERIFIEDBY,UGA Status Verified By
TYPECODE,Type Code
OPERATINGVOLTAGE,Operating Voltage
SUPPLEMENTALCAUSE,Supplemental Cause
DATEMODIFIED,Date Modified
SAPEQUIPID,SAP Equipment ID
LOCDESC1,Location Description 1
GRDMINTOCT,GrdMin To CT
SOURCESIDEDEVICEID,Source Side Device ID
FITYPE,Fault Indicator Type
VACANTIDC,Ducts Vacant?
INSTALLCODE,Install Code
GLOBALID,Global ID
FAPPLIANCE1,FAPPLIANCE1
ZGBPCTIMP,ZGB % Imp
LINKTYPE,Link Type
GUYCOUNT,Guy Count
REGION,Service Area
JACKETTYPE,Jacket Type
COMMENTS,Comments
SECTIONALIZERCUTOUT,Sect. Feature Cut Out
INSTALLATIONDATE,Installation Date
DEVICEGROUPTYPE,Facililty Type
DIFFMAP,DIFF Map
OPERATINGSCHEDULE,Operating Schedule
LIGHT,Light
SMARTMETERNETWORKDEVICEOID,Smart Meter Network Device ID
MAXVOLTAGELEVEL,Maximum Voltage Level
LITESIZETYPE,Lite Size Type
NEWGRIDMAPNUM,New Grid Map #
UGASTATUSVERIFIEDDATE,UGA Status Veified Date
FLIPFLOP,Flip Flop
SPACING,Spacing
NPKVA,Nameplate KVA
FAPPLIANCE4,FAPPLIANCE4
FAPPLIANCE5,FAPPLIANCE5
FAPPLIANCE2,FAPPLIANCE2
FAPPLIANCE3,FAPPLIANCE3
OWNERSHIP,Ownership
FIBATTERYDATE,FI Battery Date
CHANGEOFPARTYDATE,Change Of Party Date
MSCODE,MS Code
ELEVATION,Elevation
FUNCTIONALLOCATIONID,Functional Location ID
TOTALCUSTOMERSOUT,Total Customers Out
MAILADDR1,Mail Address 1
MAILADDR2,Mail Address 2
CREATIONUSER,Creation User
OFFICE,Office
LADDER,Ladder
OPERATINGNUMBER,Operating Number
NOMINALVOLTAGE,Nominal Voltage
CONVTRANSFORMERID,Conversion Tranformer ID
LOCKOUTNUM,Operations To Lock Out
ACCESSINFO,Access Info
SUBMERSIBLEIDC,Submersible Indicator
JPANUMBER,JPA Number
PLATFORMMOUNTEDIDC,Platform Mounted Indicator
GENERATIONID,Generation ID
MAPNUMBER,Map Number
METERTYPE,Meter Type
MAPOFFICE,Map Office
YOFFSET,YOffset
ELECTRICSTITCHPOINTGUID,Electric Stitch Point GUID
VERTICALALIGNMENT,VerticalAlignment
DEVICEGROUPNAME,Device Group Name
UNDERLINE,Underline
TECHIDENTNO,TECH Identification Number
EXISTINGREINFORCEMENT,Existing Reinforcement
TOTCODE,Town and Territory
SERIESSLIDC,Series Streetlight Indicator
STATE,State
AREASERVED,Area Served
PCMINTOCT,PCMin To CT
GEMSDISTMAPNUM,GEMS Distribution Map #
FEATURECONVERSIONID,FeatureConversionId
NAME,Name
GEMSOTHERMAPNUM,GEMS Other Map #
POLECHANGEDATE,Pole Change Date
STREETLIGHTTRANSACTION,Streetlight Transaction
CONDUCTORGUID,Conductor GUID
LOCATIONID,Location ID
LABELTEXT2,Label Text 2
LOB,Line Of Business
RISERMATERIAL,Riser Material
LUMENOUTPUT,Lumen Output
FEEDERINFO,Feeder Information
MAILCITY,Mail City
NAMEOFGENERATOR,Generator Name
ZHPCTIMP,ZH % Imp
FONTLEADING,FontLeading
BOOSTPERCENT,Boost Percent
JPNUMBER,Joint Pole Number
REPLACEGUID,Replace GUID
TOTALKVAR,Total KVAR
DEVICEGROUPGUID,Device Group GUID
FILLTYPE,Fill Type
OUTAGEDATE,Outage Date
HYPERLINK,Hyperlink
CONVCIRCUITID,Conversion Circuit ID
FOUNDATIONTYPE,Foundation Type
NORMALPOSITION,Normal Position
COUNTY,County 
HISTGEMSBADGENUM,Hist GEMS Badge #
LENSTYPE,Lens Type
CONVERSIONID,Conversion ID
CEDSASTRUCTUREID,CEDSA Structure ID
TOWNTERRDESC,Town Territory Description
MATERIALCODE,Material Code
POLELENGTH,Pole Height
NEUTRALMATERIAL,Neutral Material
RELAYCONTROLGUID,Relay Control GUID
CHARACTERWIDTH,CharacterWidth
SHAPE.LEN,SHAPE.LEN
POLECOUNT,Pole Count
FIELDINVESTIGATIONCODE,Field Investigation Code
PHASINGVERIFIEDSTATUS,Verified Phasing Status
CTRATIO,CT Ratio
JOINTOWNED,Joint Owned
GENERATORTYPE,Generator Type
NEUTRALIDC,Neutral Indicator
MAPNUMBERNEW,New Map #
SPLICESIZE,Splice Size
GEMSDISTRMAPNUM,GEMS Distribution Map #
JOBPREFIX,JOBPREFIX
STRUCTURECONVID,Structure ConvID
SUBSTATIONID,Substation ID
METER,Meter
MHCOVERSIZE,Manhole Cover Size
SWITCHMODEIDC,Switch Mode Indicator
TNUM,T-Number
BOLD,Bold
SERVICEIDC,Service Indicator
CTRATING,CT Rating
RETIREDATE,Retire Date
LONGITUDE,Longitude
STRUCTURECODE,Structure Code
ZLPCTIMP,ZL % Imp
JOINTTRENCHIDC,Joint Trench Indicator
TOTALCUSTOMERS,Total Customers
NUMBEROFSTEPS,Number Of Steps
AUTOTRANSFERIDC,Auto Transfer Indicator
CHARACTERSPACING,CharacterSpacing
STATUSFLAG,Status Flag
LIGHTNINGARRESTORIDC,Lightning Arrestors
NUMBERFUSESPERPHASE,Number of Fuses per Phase
DIFFBADGE,DIFF Badge
LOADSOURCEGUID,Load Source GUID
DUCTSIZE,Duct Size
FAULTLOCATION,Fault Location
SOILCONDITION,Soil Code
SUPERVISORYCONTROL,Supervisory Control
STRTCHDT,STRTCHDT
RISERUSAGE,Riser Usage
LOCALOFFICEID,Local Office ID
SECONDARYVOLTAGE,Secondary Voltage
JOINTUSEIDC,Joint Use Indicator
MAXCONTINUOUSCURRENT,Maximum Continuous Current
REMOVEDATE,Remove Date
CAPITALIZEDIDC,Capitalized Indicator
SWITCHTYPE,Switch Type
ANNOTATIONCLASSID,AnnotationClassID
UNITCOUNT,Unit Count
SPOTIDC,Spot IDC
MAINLINEIDC,Mainline Indicator
GPSSOURCE,GPS Source
STRUCTURESIZE,Structure Size
DIRECTBURYIDC,Direct Buried Indicator
INSTALLJOBNUMBER,Job Number
ORIGINALYCOORD,Original Y Coordinate
NUMBEROFPHASES,Number Of Phases
FLIPANGLE,FlipAngle
ATTACHMENTTYPE,Attachment Type
DISTRIBUTEDGENERATIONIDC,Distributed Generation Indicator
HIGHSIDEPROTECTION,High Side Protection
POLENUMBER,Pole Number
MHCOVERTYPE,Manhole Cover Type
GUYTYPE,Guy Type
ENABLED,Enabled
LOWSIDEVOLTAGE,Low Side Voltage
STATIONTYPE,Station Type
DIFFADDR,DIFF Address
UNIQUESPID,Unique SPID
CIRCUITID,Circuit ID
BUCKETTRUCKIDC,Bucket Truck
SHAPE,SHAPE
GAUGE,Gauge
ENCASEMENTTYPE,Encasement Type
STEPUPIDC,Step Up Indicator
BANKCODE,Bank Code
BASICCAUSE,Basic Cause
POLEUSE,Pole Use
IMAGEPATH,Image Path
LAMPCHANGEDATE,Lamp Change Date
CEDSAID,CEDSA ID
VAULT,Vault
DUCTCOUNT,# of Ducts
SOURCEACCURACY,Source Accuracy
INCONDUITIDC,In Conduit Indicator
LUMNCHANGEDATE,Luminaire Change Date
STREETLIGHTSGISSPID,Streetlight GIS SPID
CABLECOUNT,Cable Count
SERVICEPOINTID,Service Point ID
LITETYPETYPE,Lite Type Type
DESCRIPTIVEADDRESS,Descriptive Address
RECORDSTATUS,Record Status
ORIGINALSOURCESIDEID,Original Source Side ID
PCELL,Photocell Present
ANGLE,Angle
UGASTATUS,UGA Status
LABELIDC,Label Indicator
ANCILLARYROLE,Ancillary Role
STREETNM,Street Name
CEDSADEVICEID,CEDSA Device ID
CONVERSIONWORKPACKAGE,Conversion Work Package
VC_NUM,Vegetation Clearance Number
POLETOPEXTIDC,Pole Top Extension Indicator
CUSTOMERNAME,Customer Name
INVENTORIEDBY,Inventoried By
ORIGINALXCOORD,Original X Coordinate
OVERRIDE,Override
LASTUSER,Last User
SPECIALCONDITIONS,Special Conditions
STATUS,Status
STATEREGAREA,State Regulation Area
GPSLONGITUDE,Longitude
CLOSEUPDATE,Closeup Date
CLIMATEZONE,Climate Zone
PHOTOCELLTYPE,Photocell Type
HISTGEMSAKA,Hist GEMS AKA
POTENTIAL,Potential Direction
POLETYPE,Pole Type
STREETNUMBER,Street Number
NORMALPOSITION_B,Normal Position B
LIVEFRONTIDC,Live Front Indicator
STREETLIGHTSGISSAID,Streetlight GIS SAID
COVERTYPE,Cover Type
TRACEABLE,Fdr Mgr Non Traceable
BARCODE,Bar Code
LATITUDE,Latitude
UGUID,Global ID
SUBTYPE,Subtype